title,playerRange,categories,language,link,image,_costCredit,_id,_lastUpdated,_source
Chameleon,2-4,Family Game,游섫릖 English,https://boardgamegeek.com/boardgame/17576/chameleon,https://assets-global.website-files.com/6439093ffc50591d3eb2bccb/6439093ffc5059e4f5b2bdc3_pic174595.webp,,65b691faf9d5ebe17a6b2181,2024-01-28T17:48:05.536Z,https://www.bohemiaboardsandbrews.com/knihovna-her
Stick Collection,2-5,"Abstract strategy, New Arrivals",,https://boardgamegeek.com/boardgame/351809/stick-collection,https://assets-global.website-files.com/6439093ffc50591d3eb2bccb/657dc8ea10d68ff11ebb07e9_pic7757952.webp,,65b691faf9d5ebe17a6b2181,2024-01-28T17:48:05.536Z,https://www.bohemiaboardsandbrews.com/knihovna-her
Maracaibo,1-4,"Solo mode, Strategy",游섫릖 English,https://boardgamegeek.com/boardgame/276025/maracaibo,https://assets-global.website-files.com/6439093ffc50591d3eb2bccb/6439093ffc5059ffdeb2c056_pic4917407.webp,,65b691faf9d5ebe17a6b2181,2024-01-28T17:48:05.536Z,https://www.bohemiaboardsandbrews.com/knihovna-her
Gobl칤ci Jedl칤ci,2,Family Game,游뻟릖 캛e코tina,https://boardgamegeek.com/boardgame/13230/gobblet-gobblers,https://assets-global.website-files.com/6439093ffc50591d3eb2bccb/6439093ffc50591481b2bfec_pic495594.webp,,65b691faf9d5ebe17a6b2181,2024-01-28T17:48:05.536Z,https://www.bohemiaboardsandbrews.com/knihovna-her
The March of Progress,2,"Wargame, 2-player, New Arrivals, Card Game",,https://boardgamegeek.com/boardgame/301032/march-progress,https://assets-global.website-files.com/6439093ffc50591d3eb2bccb/657dce16acfd73f8e311c4e3_pic5299277.webp,,65b691faf9d5ebe17a6b2181,2024-01-28T17:48:05.536Z,https://www.bohemiaboardsandbrews.com/knihovna-her
Around the World in 80 Days,2-6,"Family Game, Board Game",游섫릖 English,https://boardgamegeek.com/boardgame/204599/around-world-80-days,https://assets-global.website-files.com/6439093ffc50591d3eb2bccb/6439093ffc5059f19ab2bd95_pic3108814.webp,,65b691faf9d5ebe17a6b2181,2024-01-28T17:48:05.536Z,https://www.bohemiaboardsandbrews.com/knihovna-her
Trails,2-4,"Worker placement, Family Game",游섫릖 English,https://boardgamegeek.com/boardgame/338628/trails,https://assets-global.website-files.com/6439093ffc50591d3eb2bccb/6439093ffc5059504ab2c11a_pic6214088.webp,,65b691faf9d5ebe17a6b2181,2024-01-28T17:48:05.536Z,https://www.bohemiaboardsandbrews.com/knihovna-her
Detective: City of Angels,1-5,"Solo mode, Thematic / Licensed, Board Game",游섫릖 English,https://boardgamegeek.com/boardgame/218074/detective-city-angels,https://assets-global.website-files.com/6439093ffc50591d3eb2bccb/6439093ffc5059202db2be36_pic3469246.webp,,65b691faf9d5ebe17a6b2181,2024-01-28T17:48:05.536Z,https://www.bohemiaboardsandbrews.com/knihovna-her
Na prodej,3-6,"Family Game, Card Game",游뻟릖 캛e코tina,https://boardgamegeek.com/boardgame/172/sale,https://assets-global.website-files.com/6439093ffc50591d3eb2bccb/6439093ffc5059b06bb2c078_pic1513085.webp,,65b691faf9d5ebe17a6b2181,2024-01-28T17:48:05.536Z,https://www.bohemiaboardsandbrews.com/knihovna-her
Topito,2-4,"Dexterity, Family Game",游섫릖 English,https://boardgamegeek.com/boardgame/220738/topito,https://assets-global.website-files.com/6439093ffc50591d3eb2bccb/6439093ffc5059cffeb2c119_pic3750973.webp,,65b691faf9d5ebe17a6b2181,2024-01-28T17:48:05.536Z,https://www.bohemiaboardsandbrews.com/knihovna-her
Balada,1-6,"Solo mode, Thematic / Licensed, Board Game",游뻟릖 캛e코tina,https://boardgamegeek.com/boardgame/342703/balada,https://assets-global.website-files.com/6439093ffc50591d3eb2bccb/6439093ffc50595a85b2bd9b_pic6288541.webp,,65b691faf9d5ebe17a6b2181,2024-01-28T17:48:05.536Z,https://www.bohemiaboardsandbrews.com/knihovna-her
Duch!,2-8,"Family Game, Card Game",游뻟릖 캛e코tina,https://boardgamegeek.com/boardgame/83195/ghost-blitz,,,65b691faf9d5ebe17a6b2181,2024-01-28T17:48:05.536Z,https://www.bohemiaboardsandbrews.com/knihovna-her
The Mind,2-4,"Family Game, Party, Card Game",游섫릖 English,https://boardgamegeek.com/boardgame/244992/mind,https://assets-global.website-files.com/6439093ffc50591d3eb2bccb/6439093ffc50597582b2c108_pic3979766.webp,,65b691faf9d5ebe17a6b2181,2024-01-28T17:48:05.536Z,https://www.bohemiaboardsandbrews.com/knihovna-her
Truffle Shuffle,2-4,"Family Game, Card Game",游섫릖 English,https://boardgamegeek.com/boardgame/298060/truffle-shuffle,https://assets-global.website-files.com/6439093ffc50591d3eb2bccb/6439093ffc5059353cb2c120_pic5159393.webp,,65b691faf9d5ebe17a6b2181,2024-01-28T17:48:05.536Z,https://www.bohemiaboardsandbrews.com/knihovna-her
Pandemic,2-4,"Thematic / Licensed, Family Game, Strategy",游뻟릖 캛e코tina,https://boardgamegeek.com/boardgame/30549/pandemic,https://assets-global.website-files.com/6439093ffc50591d3eb2bccb/6439093ffc50591381b2c08e_pic1534148.webp,,65b691faf9d5ebe17a6b2181,2024-01-28T17:48:05.536Z,https://www.bohemiaboardsandbrews.com/knihovna-her
Hamlet: The Village Building Game,1-4,"Tile placement, Strategy, New Arrivals, Board Game",,https://boardgamegeek.com/boardgame/276086/hamlet-village-building-game,https://assets-global.website-files.com/6439093ffc50591d3eb2bccb/657dcbea45bd7a7f62ffe80d_pic7315662.webp,,65b691faf9d5ebe17a6b2181,2024-01-28T17:48:05.536Z,https://www.bohemiaboardsandbrews.com/knihovna-her
Glimpse,2-99,"Family Game, Party",游섫릖 English,https://boardgamegeek.com/boardgame/201595/glimpse,https://assets-global.website-files.com/6439093ffc50591d3eb2bccb/6439093ffc5059cce5b2bfe9_pic3192493.webp,,65b691faf9d5ebe17a6b2181,2024-01-28T17:48:05.536Z,https://www.bohemiaboardsandbrews.com/knihovna-her
9 Lives,2-5,"New Arrivals, Card Game",,https://boardgamegeek.com/boardgame/268920/9-lives,https://assets-global.website-files.com/6439093ffc50591d3eb2bccb/657dc65aacece184ca6ea7f4_pic4538804.webp,,65b691faf9d5ebe17a6b2181,2024-01-28T17:48:05.536Z,https://www.bohemiaboardsandbrews.com/knihovna-her
Foxy,1-5,"Solo mode, Family Game, New Arrivals",,https://boardgamegeek.com/boardgame/359318/foxy,https://assets-global.website-files.com/6439093ffc50591d3eb2bccb/65ae80d59253c1127a303519_pic6764765.webp,,65b691faf9d5ebe17a6b2181,2024-01-28T17:48:05.536Z,https://www.bohemiaboardsandbrews.com/knihovna-her
Scythe,1-5,"Solo mode, Thematic / Licensed, Strategy, Popular, Board Game",游뻟릖 캛e코tina,https://boardgamegeek.com/boardgame/169786/scythe,https://assets-global.website-files.com/6439093ffc50591d3eb2bccb/6439093ffc50594782b2c0c7_pic3163924.webp,,65b691faf9d5ebe17a6b2181,2024-01-28T17:48:05.536Z,https://www.bohemiaboardsandbrews.com/knihovna-her
Antike Duellum,2,"Strategy, Board Game",游섫릖 English,https://boardgamegeek.com/boardgame/104955/antike-duellum,https://assets-global.website-files.com/6439093ffc50591d3eb2bccb/6439093ffc50596692b2bd91_pic1282841.webp,,65b691faf9d5ebe17a6b2181,2024-01-28T17:48:05.536Z,https://www.bohemiaboardsandbrews.com/knihovna-her
Star Fluxx,2-6,"Family Game, Party",游섫릖 English,https://boardgamegeek.com/boardgame/102104/star-fluxx,https://assets-global.website-files.com/6439093ffc50591d3eb2bccb/6439093ffc50594cacb2c0e4_pic1059779.webp,,65b691faf9d5ebe17a6b2181,2024-01-28T17:48:05.536Z,https://www.bohemiaboardsandbrews.com/knihovna-her
7 div콢 sv캩ta duel,2,Strategy,游뻟릖 캛e코tina,https://boardgamegeek.com/boardgame/173346/7-wonders-duel,https://assets-global.website-files.com/6439093ffc50591d3eb2bccb/6439093ffc50598148b2bd87_pic2576399.webp,,65b691faf9d5ebe17a6b2181,2024-01-28T17:48:05.536Z,https://www.bohemiaboardsandbrews.com/knihovna-her
The Cohort,2-6,"Party Game, Card Game",游섫릖 English,https://boardgamegeek.com/boardgame/191043/cohort,https://assets-global.website-files.com/6439093ffc50591d3eb2bccb/6439093ffc505922b4b2c101_pic2960760.webp,,65b691faf9d5ebe17a6b2181,2024-01-28T17:48:05.536Z,https://www.bohemiaboardsandbrews.com/knihovna-her
Fabula Rasa: Crime,2-5,Trivia,游섫릖 English,https://boardgamegeek.com/boardgame/346015/fabula-rasa-crime,https://assets-global.website-files.com/6439093ffc50591d3eb2bccb/6439093ffc5059c359b2bfd0_pic6363362.webp,,65b691faf9d5ebe17a6b2181,2024-01-28T17:48:05.536Z,https://www.bohemiaboardsandbrews.com/knihovna-her
Codex Naturalis,1-4,"Strategy, Card Game",游뻟릖 캛e코tina,https://boardgamegeek.com/boardgame/201808/clank-deck-building-adventure,https://assets-global.website-files.com/6439093ffc50591d3eb2bccb/645ce3811dc07f94cda5b8bd_pic5612161.webp,,65b691faf9d5ebe17a6b2181,2024-01-28T17:48:05.536Z,https://www.bohemiaboardsandbrews.com/knihovna-her
Hospodsk칳 kv칤z,2-6,"Trivia, Party",游뻟릖 캛e코tina,https://www.albi.cz/hry-a-zabava/hospodsky-kviz/,https://assets-global.website-files.com/6439093ffc50591d3eb2bccb/6439093ffc5059b415b2c005_9903.jpg,,65b691faf9d5ebe17a6b2181,2024-01-28T17:48:05.536Z,https://www.bohemiaboardsandbrews.com/knihovna-her
The Grizzled,2-5,"Cooperative, Card Game",游섫릖 English,https://boardgamegeek.com/boardgame/171668/grizzled,https://assets-global.website-files.com/6439093ffc50591d3eb2bccb/645d0035034fce02bcfb8436_pic3719610.webp,,65b691faf9d5ebe17a6b2181,2024-01-28T17:48:05.536Z,https://www.bohemiaboardsandbrews.com/knihovna-her
Ahau: Rulers of Yucat치n,1-5,"Tile placement, Worker placement, Solo mode, Strategy, New Arrivals, Board Game",,https://boardgamegeek.com/boardgame/321140/ahau-rulers-yucatan,https://assets-global.website-files.com/6439093ffc50591d3eb2bccb/657dc5767556be74a7e6fd0e_pic6700728.webp,,65b691faf9d5ebe17a6b2181,2024-01-28T17:48:05.536Z,https://www.bohemiaboardsandbrews.com/knihovna-her
My Shelfie,2-4,"Abstract strategy, Family Game, New Arrivals, Popular, Board Game",游섫릖 English,https://boardgamegeek.com/boardgame/366456/my-shelfie,https://assets-global.website-files.com/6439093ffc50591d3eb2bccb/651975855aec8d4f8a191691_pic6951487.png.webp,,65b691faf9d5ebe17a6b2181,2024-01-28T17:48:05.536Z,https://www.bohemiaboardsandbrews.com/knihovna-her
Betrayal at House on the Hill,3-6,"Thematic, Licensed, Board Game",游섫릖 English,https://boardgamegeek.com/boardgame/10547/betrayal-house-hill,https://assets-global.website-files.com/6439093ffc50591d3eb2bccb/6439093ffc50593218b2bda4_pic5146864.webp,,65b691faf9d5ebe17a6b2181,2024-01-28T17:48:05.536Z,https://www.bohemiaboardsandbrews.com/knihovna-her
Mille Bornes,2-6,"Family Game, Card Game",游섫릖 English,https://boardgamegeek.com/boardgame/590/mille-bornes,https://assets-global.website-files.com/6439093ffc50591d3eb2bccb/6439093ffc50594e91b2c05f_pic4330533.webp,,65b691faf9d5ebe17a6b2181,2024-01-28T17:48:05.536Z,https://www.bohemiaboardsandbrews.com/knihovna-her
District Noir,2,"2-player, Card Game",游섫릖 English,https://boardgamegeek.com/boardgame/216497/district-noir,https://assets-global.website-files.com/6439093ffc50591d3eb2bccb/645ceb96d6e7ff4ed46a163f_pic6954556.webp,,65b691faf9d5ebe17a6b2181,2024-01-28T17:48:05.536Z,https://www.bohemiaboardsandbrews.com/knihovna-her
Snake Oil,3-10,"Party Game, Card Game",游섫릖 English,https://boardgamegeek.com/boardgame/113289/snake-oil,https://assets-global.website-files.com/6439093ffc50591d3eb2bccb/6439093ffc5059f487b2c0d6_pic5075755.webp,,65b691faf9d5ebe17a6b2181,2024-01-28T17:48:05.536Z,https://www.bohemiaboardsandbrews.com/knihovna-her
CuBirds,2-5,"Family Game, Card Game",游섫릖 English,https://boardgamegeek.com/boardgame/245476/cubirds,https://assets-global.website-files.com/6439093ffc50591d3eb2bccb/6439093ffc5059f4c0b2bdda_pic4261952.webp,,65b691faf9d5ebe17a6b2181,2024-01-28T17:48:05.536Z,https://www.bohemiaboardsandbrews.com/knihovna-her
Scontland Yard,3-6,"Family Game, Board Game",游섫릖 English,https://boardgamegeek.com/boardgame/438/scotland-yard,https://assets-global.website-files.com/6439093ffc50591d3eb2bccb/6439093ffc50597560b2c0c4_pic4527702.webp,,65b691faf9d5ebe17a6b2181,2024-01-28T17:48:05.536Z,https://www.bohemiaboardsandbrews.com/knihovna-her
Terracotta Army,1-4,"Area Control, Worker Placement, Solo Mode, Strategy, Board Game",游섫릖 English,https://boardgamegeek.com/boardgame/350458/terracotta-army,https://assets-global.website-files.com/6439093ffc50591d3eb2bccb/645cffe1ff250e80f4534379_pic6949932.webp,,65b691faf9d5ebe17a6b2181,2024-01-28T17:48:05.536Z,https://www.bohemiaboardsandbrews.com/knihovna-her
Arkham Horror,1-8,"Solo mode, Thematic / Licensed, Board Game",游뻟릖 캛e코tina,https://boardgamegeek.com/boardgame/15987/arkham-horror,https://assets-global.website-files.com/6439093ffc50591d3eb2bccb/6439093ffc50596cd6b2bd94_pic175966.webp,,65b691faf9d5ebe17a6b2181,2024-01-28T17:48:05.536Z,https://www.bohemiaboardsandbrews.com/knihovna-her
Sector 6,1-6,"Solo mode, Upraviteln칠",游섫릖 English,https://boardgamegeek.com/boardgame/177844/sector-6,https://assets-global.website-files.com/6439093ffc50591d3eb2bccb/6439093ffc5059725eb2c0c9_pic3299640.webp,,65b691faf9d5ebe17a6b2181,2024-01-28T17:48:05.536Z,https://www.bohemiaboardsandbrews.com/knihovna-her
Troublez,2-6,Family Game,游섫릖 English,https://boardgamegeek.com/boardgame/363892/troublez,https://assets-global.website-files.com/6439093ffc50591d3eb2bccb/645d02e1e3f6bf14b670bfc5_pic6889835.webp,,65b691faf9d5ebe17a6b2181,2024-01-28T17:48:05.536Z,https://www.bohemiaboardsandbrews.com/knihovna-her
Democracy: Majority Rules,3-5,Thematic / Licensed,游섫릖 English,https://boardgamegeek.com/boardgame/123162/democracy-majority-rules,https://assets-global.website-files.com/6439093ffc50591d3eb2bccb/6439093ffc50597fadb2be12_pic1338869.webp,,65b691faf9d5ebe17a6b2181,2024-01-28T17:48:05.536Z,https://www.bohemiaboardsandbrews.com/knihovna-her
Diplomacy,2-7,"Thematic, Licensed, Strategy",游섫릖 English,https://boardgamegeek.com/boardgame/483/diplomacy,https://assets-global.website-files.com/6439093ffc50591d3eb2bccb/6439093ffc50596341b2be6f_pic7376874.webp,,65b691faf9d5ebe17a6b2181,2024-01-28T17:48:05.536Z,https://www.bohemiaboardsandbrews.com/knihovna-her
Rialto,2-5,Strategy,游섫릖 English,https://boardgamegeek.com/boardgame/119591/rialto,https://assets-global.website-files.com/6439093ffc50591d3eb2bccb/6439093ffc505918a0b2c0b0_pic1504549.webp,,65b691faf9d5ebe17a6b2181,2024-01-28T17:48:05.536Z,https://www.bohemiaboardsandbrews.com/knihovna-her
Dungeon Raiders,3-5,"Family Game, Card Game",游섫릖 English,https://boardgamegeek.com/boardgame/80771/dungeon-raiders,https://assets-global.website-files.com/6439093ffc50591d3eb2bccb/6439093ffc5059cca1b2bfbf_pic1733595.webp,,65b691faf9d5ebe17a6b2181,2024-01-28T17:48:05.536Z,https://www.bohemiaboardsandbrews.com/knihovna-her
Super Cats,3-6,"Party Game, Card Game",游섫릖 English,https://boardgamegeek.com/boardgame/279014/teenage-mutant-ninja-turtles-turtle-power-card-gam,https://assets-global.website-files.com/6439093ffc50591d3eb2bccb/6439093ffc50595caab2c0f0_pic5223747.webp,,65b691faf9d5ebe17a6b2181,2024-01-28T17:48:05.536Z,https://www.bohemiaboardsandbrews.com/knihovna-her
Stella: Dixit Universe,3-6,"Family Game, New Arrivals, Board Game",游뻟릖 캛e코tina,https://boardgamegeek.com/boardgame/329845/stella-dixit-universe,https://assets-global.website-files.com/6439093ffc50591d3eb2bccb/651971b4e349879129904f9e_36729.webp,,65b691faf9d5ebe17a6b2181,2024-01-28T17:48:05.536Z,https://www.bohemiaboardsandbrews.com/knihovna-her
Imperial Settlers,1-4,"Solo mode, Strategy, Card Game",游섫릖 English,https://boardgamegeek.com/boardgame/154203/imperial-settlers,https://assets-global.website-files.com/6439093ffc50591d3eb2bccb/6439093ffc505906d4b2c010_pic2871265.webp,,65b691faf9d5ebe17a6b2181,2024-01-28T17:48:05.536Z,https://www.bohemiaboardsandbrews.com/knihovna-her
Undaunted: Normandy,2,"Drafting
Dice
Wargame
Deckbuilding",游섫릖 English,https://boardgamegeek.com/boardgame/268864/undaunted-normandy,,,65b691faf9d5ebe17a6b2181,2024-01-28T17:48:05.536Z,https://www.bohemiaboardsandbrews.com/knihovna-her
Pan Am,2-4,"Worker placement, Dice, Strategy, Board Game",游섫릖 English,https://boardgamegeek.com/boardgame/303057/pan-am,https://assets-global.website-files.com/6439093ffc50591d3eb2bccb/645cf91d6ee8e989d68e5a6d_pic5252922.webp,,65b691faf9d5ebe17a6b2181,2024-01-28T17:48:05.536Z,https://www.bohemiaboardsandbrews.com/knihovna-her
Say Whaaat?,3-10,Party Game,游섫릖 English,https://boardgamegeek.com/boardgame/257743/say-whaaat,https://assets-global.website-files.com/6439093ffc50591d3eb2bccb/6439093ffc50591485b2c0c1_pic4250541.webp,,65b691faf9d5ebe17a6b2181,2024-01-28T17:48:05.536Z,https://www.bohemiaboardsandbrews.com/knihovna-her
Kobayakawa,3-6,"Family Game, Party, Card Game",游섫릖 English,https://boardgamegeek.com/boardgame/142325/kobayakawa,https://assets-global.website-files.com/6439093ffc50591d3eb2bccb/6439093ffc50598a2eb2c031_pic2299549.webp,,65b691faf9d5ebe17a6b2181,2024-01-28T17:48:05.536Z,https://www.bohemiaboardsandbrews.com/knihovna-her
Pandemic: Reign of Cthulhu,2-4,"Thematic, Licensed, Strategy",游섫릖 English,https://boardgamegeek.com/boardgame/192153/pandemic-reign-cthulhu,https://assets-global.website-files.com/6439093ffc50591d3eb2bccb/6439093ffc5059244fb2c08f_pic2866737.webp,,65b691faf9d5ebe17a6b2181,2024-01-28T17:48:05.536Z,https://www.bohemiaboardsandbrews.com/knihovna-her
Andor,2-4,Board Game,游뻟릖 캛e코tina,https://boardgamegeek.com/boardgame/127398/legends-andor,https://assets-global.website-files.com/6439093ffc50591d3eb2bccb/6439093ffc5059f5e2b2bd8e_pic2606106.webp,,65b691faf9d5ebe17a6b2181,2024-01-28T17:48:05.536Z,https://www.bohemiaboardsandbrews.com/knihovna-her
My Little Scythe,1-6,"Solo mode, Family Game, Board Game",游섫릖 English,https://boardgamegeek.com/boardgame/226320/my-little-scythe,https://assets-global.website-files.com/6439093ffc50591d3eb2bccb/6439093ffc5059d549b2c072_pic4134810.webp,,65b691faf9d5ebe17a6b2181,2024-01-28T17:48:05.536Z,https://www.bohemiaboardsandbrews.com/knihovna-her
Cortex,2-6,"Trivia, Party",游뻟릖 캛e코tina,https://boardgamegeek.com/boardgame/206175/braintopia,https://assets-global.website-files.com/6439093ffc50591d3eb2bccb/6439093ffc5059a076b2bdd5_pic3164627.webp,,65b691faf9d5ebe17a6b2181,2024-01-28T17:48:05.536Z,https://www.bohemiaboardsandbrews.com/knihovna-her
Twins,3-6,"Family Game, Card Game",游섫릖 English,https://boardgamegeek.com/boardgame/343/twins,https://assets-global.website-files.com/6439093ffc50591d3eb2bccb/6439093ffc50592e6db2c123_pic3169824.webp,,65b691faf9d5ebe17a6b2181,2024-01-28T17:48:05.536Z,https://www.bohemiaboardsandbrews.com/knihovna-her
Think Fast,3-13,"Trivia, Party",游섫릖 English,https://boardgamegeek.com/boardgame/288584/think-fast,https://assets-global.website-files.com/6439093ffc50591d3eb2bccb/6439093ffc50592261b2c10f_pic4945313.webp,,65b691faf9d5ebe17a6b2181,2024-01-28T17:48:05.536Z,https://www.bohemiaboardsandbrews.com/knihovna-her
Cardline: Animaux,2-8,Card Game,游游 French,https://boardgamegeek.com/boardgame/130882/cardline-animals,https://assets-global.website-files.com/6439093ffc50591d3eb2bccb/645cdf3abaf0c67f478b58cb_pic3154455.webp,,65b691faf9d5ebe17a6b2181,2024-01-28T17:48:05.536Z,https://www.bohemiaboardsandbrews.com/knihovna-her
Pax Renaissance,2-4,Strategy,游섫릖 English,https://boardgamegeek.com/boardgame/198953/pax-renaissance,https://assets-global.website-files.com/6439093ffc50591d3eb2bccb/6439093ffc50593c68b2c096_pic3009233.webp,,65b691faf9d5ebe17a6b2181,2024-01-28T17:48:05.536Z,https://www.bohemiaboardsandbrews.com/knihovna-her
Pick & Pack,2,"Strategy, Board Game",游섫릖 English,https://boardgamegeek.com/boardgame/26235/pick-pack,https://assets-global.website-files.com/6439093ffc50591d3eb2bccb/6439093ffc505948dbb2c09c_pic226509.webp,,65b691faf9d5ebe17a6b2181,2024-01-28T17:48:05.536Z,https://www.bohemiaboardsandbrews.com/knihovna-her
Codenames: Pictures,2-8,"Party Game, Card Game",游섫릖 English,https://boardgamegeek.com/boardgame/198773/codenames-pictures,https://assets-global.website-files.com/6439093ffc50591d3eb2bccb/6439093ffc50595d0fb2bdcd_pic3476592.webp,,65b691faf9d5ebe17a6b2181,2024-01-28T17:48:05.536Z,https://www.bohemiaboardsandbrews.com/knihovna-her
Ubongo,1-4,"Solo mode, Family Game",游뻟릖 캛e코tina,https://boardgamegeek.com/boardgame/16986/ubongo,https://assets-global.website-files.com/6439093ffc50591d3eb2bccb/6439093ffc5059f040b2c125_pic4597123.webp,,65b691faf9d5ebe17a6b2181,2024-01-28T17:48:05.536Z,https://www.bohemiaboardsandbrews.com/knihovna-her
Small World,2-5,"Family Game, Strategy",游섫릖 English,https://boardgamegeek.com/boardgame/40692/small-world,https://assets-global.website-files.com/6439093ffc50591d3eb2bccb/6439093ffc505919adb2c0d4_pic428828.webp,,65b691faf9d5ebe17a6b2181,2024-01-28T17:48:05.536Z,https://www.bohemiaboardsandbrews.com/knihovna-her
Billionaire Banshee,2-15,"Party Game, Card Game",游섫릖 English,https://boardgamegeek.com/boardgame/158564/billionaire-banshee,https://assets-global.website-files.com/6439093ffc50591d3eb2bccb/6439093ffc5059b9ddb2bda7_pic2729693.webp,,65b691faf9d5ebe17a6b2181,2024-01-28T17:48:05.536Z,https://www.bohemiaboardsandbrews.com/knihovna-her
Kings & Creatures,2-6,Strategy,游섫릖 English,https://boardgamegeek.com/boardgame/346995/kings-creatures,https://assets-global.website-files.com/6439093ffc50591d3eb2bccb/6439093ffc50590843b2c02b_pic6399589.webp,,65b691faf9d5ebe17a6b2181,2024-01-28T17:48:05.536Z,https://www.bohemiaboardsandbrews.com/knihovna-her
Kingdom Builder,2-4,"Family Game, Strategy",游섫릖 English,https://boardgamegeek.com/boardgame/107529/kingdom-builder,https://assets-global.website-files.com/6439093ffc50591d3eb2bccb/6439093ffc5059a019b2c02e_pic1152359.webp,,65b691faf9d5ebe17a6b2181,2024-01-28T17:48:05.536Z,https://www.bohemiaboardsandbrews.com/knihovna-her
Animania,3-5,"Party Game, New Arrivals, Card Game",,https://boardgamegeek.com/boardgame/224123/animania,https://assets-global.website-files.com/6439093ffc50591d3eb2bccb/657dcdc0a7c425659a08828f_pic3482981.webp,,65b691faf9d5ebe17a6b2181,2024-01-28T17:48:05.536Z,https://www.bohemiaboardsandbrews.com/knihovna-her
Fantastic Gymnastics,1-99,"Solo mode, Family Game",游섫릖 English,https://boardgamegeek.com/boardgame/214343/fantastic-gymnastics,https://assets-global.website-files.com/6439093ffc50591d3eb2bccb/6439093ffc5059093db2bfd2_pic3415226.webp,,65b691faf9d5ebe17a6b2181,2024-01-28T17:48:05.536Z,https://www.bohemiaboardsandbrews.com/knihovna-her
Bananagrams,1-8,"Solo mode, Family Game",游섫릖 English,https://boardgamegeek.com/boardgame/27225/bananagrams,https://assets-global.website-files.com/6439093ffc50591d3eb2bccb/6439093ffc5059b738b2bd9c_pic2463443.webp,,65b691faf9d5ebe17a6b2181,2024-01-28T17:48:05.536Z,https://www.bohemiaboardsandbrews.com/knihovna-her
Sparkle Kitty,3-8,"Family Game
Party
Card Game",游섫릖 English,https://boardgamegeek.com/boardgame/220547/sparklekitty,https://assets-global.website-files.com/6439093ffc50591d3eb2bccb/6439093ffc50596e3bb2c0da_pic5254885.webp,,65b691faf9d5ebe17a6b2181,2024-01-28T17:48:05.536Z,https://www.bohemiaboardsandbrews.com/knihovna-her
ICECOOL,2-4,Family Game,游뻟릖 캛e코tina,https://boardgamegeek.com/boardgame/177524/icecool,https://assets-global.website-files.com/6439093ffc50591d3eb2bccb/6439093ffc50596538b2c00b_pic3320017.webp,,65b691faf9d5ebe17a6b2181,2024-01-28T17:48:05.536Z,https://www.bohemiaboardsandbrews.com/knihovna-her
Unlock!,1-6,"Solo mode, Card Game",游뻟릖 캛e코tina,https://boardgamegeek.com/boardgame/279613/unlock-timeless-adventures,https://assets-global.website-files.com/6439093ffc50591d3eb2bccb/6439093ffc505908d4b2c128_pic5045366.webp,,65b691faf9d5ebe17a6b2181,2024-01-28T17:48:05.536Z,https://www.bohemiaboardsandbrews.com/knihovna-her
Samarkand Bazaar,2-5,"Strategy
New Arrivals
Board Game",,https://boardgamegeek.com/boardgame/376665/samarkand-bazaar,https://assets-global.website-files.com/6439093ffc50591d3eb2bccb/657dc89945bd7a7f62fd5a9f_pic7243921.webp,,65b691faf9d5ebe17a6b2181,2024-01-28T17:48:05.536Z,https://www.bohemiaboardsandbrews.com/knihovna-her
New York 1901,2-4,Family Game,游뻟릖 캛e코tina,https://boardgamegeek.com/boardgame/174660/new-york-1901,https://assets-global.website-files.com/6439093ffc50591d3eb2bccb/6439093ffc50593c4fb2c07a_pic2515532.webp,,65b691faf9d5ebe17a6b2181,2024-01-28T17:48:05.536Z,https://www.bohemiaboardsandbrews.com/knihovna-her
Game of Thrones: Oathbreaker,5-8,"Family Game, Party, Card Game",游섫릖 English,https://boardgamegeek.com/boardgame/275530/game-thrones-oathbreaker,https://assets-global.website-files.com/6439093ffc50591d3eb2bccb/6439093ffc50591663b2bfe4_pic4635232.webp,,65b691faf9d5ebe17a6b2181,2024-01-28T17:48:05.536Z,https://www.bohemiaboardsandbrews.com/knihovna-her
AZ Kv칤z,2-4,"Family Game, Trivia",游뻟릖 캛e코tina,https://boardgamegeek.com/boardgame/67884/az-kviz,https://assets-global.website-files.com/6439093ffc50591d3eb2bccb/6439093ffc5059e894b2bd98_pic681598.webp,,65b691faf9d5ebe17a6b2181,2024-01-28T17:48:05.536Z,https://www.bohemiaboardsandbrews.com/knihovna-her
5 Second Rule,3-6,"Party Game, Card Game",,https://boardgamegeek.com/boardgame/86073/5-second-rule,https://assets-global.website-files.com/6439093ffc50591d3eb2bccb/6439093ffc5059b076b2bd84_pic4993497.webp,,65b691faf9d5ebe17a6b2181,2024-01-28T17:48:05.536Z,https://www.bohemiaboardsandbrews.com/knihovna-her
Shit Happens,2-8,"Party Game
Popular Game
Card Game",游섫릖 English,https://boardgamegeek.com/boardgame/196379/shit-happens,https://assets-global.website-files.com/6439093ffc50591d3eb2bccb/6439093ffc50597773b2c0cf_pic3303204.webp,,65b691faf9d5ebe17a6b2181,2024-01-28T17:48:05.536Z,https://www.bohemiaboardsandbrews.com/knihovna-her
Now Boarding,2-5,Family Game,游섫릖 English,https://boardgamegeek.com/boardgame/231567/now-boarding,https://assets-global.website-files.com/6439093ffc50591d3eb2bccb/6439093ffc5059217cb2c081_pic3710609.webp,,65b691faf9d5ebe17a6b2181,2024-01-28T17:48:05.536Z,https://www.bohemiaboardsandbrews.com/knihovna-her
Lost Ruins of Arnak,1-4,"Worker placement, Deckbuilding, Solo mode, Strategy, Board Game",游섫릖 English,https://boardgamegeek.com/boardgame/312484/lost-ruins-arnak,https://assets-global.website-files.com/6439093ffc50591d3eb2bccb/645cf551fa09d14d0aba356c_pic5674958.webp,,65b691faf9d5ebe17a6b2181,2024-01-28T17:48:05.536Z,https://www.bohemiaboardsandbrews.com/knihovna-her
Dive,1-4,"Solo mode, Family Game",游섫릖 English,https://boardgamegeek.com/boardgame/304324/dive,https://assets-global.website-files.com/6439093ffc50591d3eb2bccb/6439093ffc5059555bb2be82_pic5733939.webp,,65b691faf9d5ebe17a6b2181,2024-01-28T17:48:05.536Z,https://www.bohemiaboardsandbrews.com/knihovna-her
Canasta,2-6,"Family Game, Card Game",游뾇릖 German,https://boardgamegeek.com/boardgame/17104/canasta,https://assets-global.website-files.com/6439093ffc50591d3eb2bccb/6439093ffc50593bfdb2bdb6_pic77289.webp,,65b691faf9d5ebe17a6b2181,2024-01-28T17:48:05.536Z,https://www.bohemiaboardsandbrews.com/knihovna-her
Prime Time,2-4,"Strategy, Board Game",游섫릖 English,https://boardgamegeek.com/boardgame/166640/prime-time,https://assets-global.website-files.com/6439093ffc50591d3eb2bccb/6439093ffc50593a1bb2c0a3_pic2724833.webp,,65b691faf9d5ebe17a6b2181,2024-01-28T17:48:05.536Z,https://www.bohemiaboardsandbrews.com/knihovna-her
Tzolk'in: Majsk칳 kalend치콏,2-4,"Worker placement, Strategy, Board Game",游뻟릖 캛e코tina,https://boardgamegeek.com/boardgame/126163/tzolk-mayan-calendar,https://assets-global.website-files.com/6439093ffc50591d3eb2bccb/6439093ffc50594cc0b2c124_pic4604439.webp,,65b691faf9d5ebe17a6b2181,2024-01-28T17:48:05.536Z,https://www.bohemiaboardsandbrews.com/knihovna-her
The Cousins' War,2,"Thematic, Licensed, Card Game",游섫릖 English,https://boardgamegeek.com/boardgame/224133/cousins-war,https://assets-global.website-files.com/6439093ffc50591d3eb2bccb/6439093ffc5059da02b2c102_pic3483951.webp,,65b691faf9d5ebe17a6b2181,2024-01-28T17:48:05.536Z,https://www.bohemiaboardsandbrews.com/knihovna-her
Sushi Go!,2-5,"Family Game, Card Game",游뻟릖 캛e코tina,https://boardgamegeek.com/boardgame/133473/sushi-go,https://assets-global.website-files.com/6439093ffc50591d3eb2bccb/6439093ffc5059e075b2c0f4_pic1900075.webp,,65b691faf9d5ebe17a6b2181,2024-01-28T17:48:05.536Z,https://www.bohemiaboardsandbrews.com/knihovna-her
Colour Brain,2-12,Party Game,游섫릖 English,https://boardgamegeek.com/boardgame/223742/colour-brain,https://assets-global.website-files.com/6439093ffc50591d3eb2bccb/6439093ffc50592b93b2bdd1_pic4219953.webp,,65b691faf9d5ebe17a6b2181,2024-01-28T17:48:05.536Z,https://www.bohemiaboardsandbrews.com/knihovna-her
Calico,1-4,"Solo mode, Family Game, Strategy, Board Game",游뻟릖 캛e코tina,https://boardgamegeek.com/boardgame/283155/calico,https://assets-global.website-files.com/6439093ffc50591d3eb2bccb/6439093ffc5059e265b2bdb3_pic4815033.webp,,65b691faf9d5ebe17a6b2181,2024-01-28T17:48:05.536Z,https://www.bohemiaboardsandbrews.com/knihovna-her
Secret Hitler,5-10,"Party, Popular",游섫릖 English,https://boardgamegeek.com/boardgame/188834/secret-hitler,https://assets-global.website-files.com/6439093ffc50591d3eb2bccb/6439093ffc50598591b2c0c8_pic5164305.webp,,65b691faf9d5ebe17a6b2181,2024-01-28T17:48:05.536Z,https://www.bohemiaboardsandbrews.com/knihovna-her
Railroad Ink: Blazing Red Edition,1-6,"Solo mode, Family Game, Board Game",游섫릖 English,https://boardgamegeek.com/boardgame/251678/railroad-ink-blazing-red-edition,https://assets-global.website-files.com/6439093ffc50591d3eb2bccb/6439093ffc50597466b2c0a9_pic4118864.webp,,65b691faf9d5ebe17a6b2181,2024-01-28T17:48:05.536Z,https://www.bohemiaboardsandbrews.com/knihovna-her
Jungle Speed,2-10,"Party Game, Card Game",游섫릖 English,https://boardgamegeek.com/boardgame/8098/jungle-speed,https://assets-global.website-files.com/6439093ffc50591d3eb2bccb/6439093ffc50595214b2c01e_pic4659199.webp,,65b691faf9d5ebe17a6b2181,2024-01-28T17:48:05.536Z,https://www.bohemiaboardsandbrews.com/knihovna-her
Salem 1692,4-12,"Party Game, Card Game",游섫릖 English,https://boardgamegeek.com/boardgame/175549/salem-1692,https://assets-global.website-files.com/6439093ffc50591d3eb2bccb/6439093ffc50596880b2c0bf_pic4204062.webp,,65b691faf9d5ebe17a6b2181,2024-01-28T17:48:05.536Z,https://www.bohemiaboardsandbrews.com/knihovna-her
Bad Company,1-6,Board Game,游섫릖 English,https://boardgamegeek.com/boardgame/340677/bad-company,https://assets-global.website-files.com/6439093ffc50591d3eb2bccb/645cdde7be5af913defeb77c_pic7245173.webp,,65b691faf9d5ebe17a6b2181,2024-01-28T17:48:05.536Z,https://www.bohemiaboardsandbrews.com/knihovna-her
Stratego,2,"Thematic, Licensed, Board Game",游섫릖 English,https://boardgamegeek.com/boardgame/232822/stratego,https://assets-global.website-files.com/6439093ffc50591d3eb2bccb/6439093ffc50596426b2c0e9_pic3716598.webp,,65b691faf9d5ebe17a6b2181,2024-01-28T17:48:05.536Z,https://www.bohemiaboardsandbrews.com/knihovna-her
Scrabble,2-4,"Family Game, Trivia",游섫릖 English,https://boardgamegeek.com/boardgame/320/scrabble,https://assets-global.website-files.com/6439093ffc50591d3eb2bccb/6439093ffc50590bbbb2c0c6_pic404651.webp,,65b691faf9d5ebe17a6b2181,2024-01-28T17:48:05.536Z,https://www.bohemiaboardsandbrews.com/knihovna-her
Li코ka Pod코it치 Duet,2,"Family Game, Card Game",游뻟릖 캛e코tina,https://boardgamegeek.com/boardgame/288169/fox-forest-duet,https://assets-global.website-files.com/6439093ffc50591d3eb2bccb/6439093ffc5059e8a6b2c044_pic4942502.webp,,65b691faf9d5ebe17a6b2181,2024-01-28T17:48:05.536Z,https://www.bohemiaboardsandbrews.com/knihovna-her
War on Terror,3-6,"Wargame, Strategy, Board Game",游섫릖 English,https://boardgamegeek.com/boardgame/24396/war-terror,https://assets-global.website-files.com/6439093ffc50591d3eb2bccb/645d05e21ac1178d05fe965e_pic872066.webp,,65b691faf9d5ebe17a6b2181,2024-01-28T17:48:05.536Z,https://www.bohemiaboardsandbrews.com/knihovna-her
Lost Cities: Rivals,2-4,"New Arrivals, Card Game",游섫릖 English,https://boardgamegeek.com/boardgame/253398/lost-cities-rivals,https://assets-global.website-files.com/6439093ffc50591d3eb2bccb/64538fea7b4773d29e8dc611_pic4137630.webp,,65b691faf9d5ebe17a6b2181,2024-01-28T17:48:05.536Z,https://www.bohemiaboardsandbrews.com/knihovna-her
Kmotr,2-5,Strategy,游뻟릖 캛e코tina,https://boardgamegeek.com/boardgame/195539/godfather-corleones-empire,https://assets-global.website-files.com/6439093ffc50591d3eb2bccb/6439093ffc5059357fb2c030_pic3364797%20(1).webp,,65b691faf9d5ebe17a6b2181,2024-01-28T17:48:05.536Z,https://www.bohemiaboardsandbrews.com/knihovna-her
Hypergrid,2,"Trivia, Board Game",游뻟릖 캛e코tina,https://boardgamegeek.com/boardgame/209206/hypergrid,https://assets-global.website-files.com/6439093ffc50591d3eb2bccb/6439093ffc50596f0cb2c008_pic3184914.webp,,65b691faf9d5ebe17a6b2181,2024-01-28T17:48:05.536Z,https://www.bohemiaboardsandbrews.com/knihovna-her
Fauna,2-6,Trivia,游뻟릖 캛e코tina,https://boardgamegeek.com/boardgame/35497/fauna,https://assets-global.website-files.com/6439093ffc50591d3eb2bccb/645ced659923c57b461618db_pic1091049.webp,,65b691faf9d5ebe17a6b2181,2024-01-28T17:48:05.536Z,https://www.bohemiaboardsandbrews.com/knihovna-her
Star Trek: Fleet Captains,2-4,Thematic / Licensed,游섫릖 English,https://boardgamegeek.com/boardgame/79127/star-trek-fleet-captains,https://assets-global.website-files.com/6439093ffc50591d3eb2bccb/6439093ffc50596ef6b2c0e5_pic1081488.webp,,65b691faf9d5ebe17a6b2181,2024-01-28T17:48:05.536Z,https://www.bohemiaboardsandbrews.com/knihovna-her
Time's Up!,4-18,Party Game,游섫릖 English,https://boardgamegeek.com/boardgame/1353/times,https://assets-global.website-files.com/6439093ffc50591d3eb2bccb/6439093ffc5059a974b2c116_pic3690440.webp,,65b691faf9d5ebe17a6b2181,2024-01-28T17:48:05.536Z,https://www.bohemiaboardsandbrews.com/knihovna-her
7 div콢 sv캩ta,2-7,"Family Game, Strategy, Board Game",游뻟릖 캛e코tina,https://boardgamegeek.com/boardgame/68448/7-wonders,https://assets-global.website-files.com/6439093ffc50591d3eb2bccb/6439093ffc5059f815b2bd86_pic7149798.webp,,65b691faf9d5ebe17a6b2181,2024-01-28T17:48:05.536Z,https://www.bohemiaboardsandbrews.com/knihovna-her
Mystic ScROLLS,2-4,Thematic / Licensed,游섫릖 English,https://boardgamegeek.com/boardgame/198455/mystic-scrolls,https://assets-global.website-files.com/6439093ffc50591d3eb2bccb/6439093ffc50591521b2c075_pic3174074.webp,,65b691faf9d5ebe17a6b2181,2024-01-28T17:48:05.536Z,https://www.bohemiaboardsandbrews.com/knihovna-her
Yahtzee Score Cards,2-6,"Family Game, Card Game",游섫릖 English,https://boardgamegeek.com/boardgame/64875/yahtzee-hands-down-card-game,https://assets-global.website-files.com/6439093ffc50591d3eb2bccb/6439093ffc505996ebb2c139_pic642763.webp,,65b691faf9d5ebe17a6b2181,2024-01-28T17:48:05.536Z,https://www.bohemiaboardsandbrews.com/knihovna-her
Ark Nova,1-4,"Drafting
Tile placement
Solo mode
Strategy
Popular
Board Game",游섫릖 English,https://boardgamegeek.com/boardgame/342942/ark-nova,https://assets-global.website-files.com/6439093ffc50591d3eb2bccb/645cebc22dceb71494e12fcb_pic6293412.webp,,65b691faf9d5ebe17a6b2181,2024-01-28T17:48:05.536Z,https://www.bohemiaboardsandbrews.com/knihovna-her
Jedn칤m slovem,3-7,Party Game,游뻟릖 캛e코tina,https://boardgamegeek.com/boardgame/254640/just-one,https://assets-global.website-files.com/6439093ffc50591d3eb2bccb/6439093ffc5059805ab2c019_pic4268499%20(2).webp,,65b691faf9d5ebe17a6b2181,2024-01-28T17:48:05.536Z,https://www.bohemiaboardsandbrews.com/knihovna-her
Kabuto Sumo,2-4,"Dexterity
Family Game
Party
New Arrivals
Popular
Board Game",游섫릖 English,https://boardgamegeek.com/boardgame/320390/kabuto-sumo,https://assets-global.website-files.com/6439093ffc50591d3eb2bccb/657dc60210d68ff11eb8da65_pic6256515.webp,,65b691faf9d5ebe17a6b2181,2024-01-28T17:48:05.536Z,https://www.bohemiaboardsandbrews.com/knihovna-her
Rummikub,2-4,Family Game,,https://boardgamegeek.com/boardgame/811/rummikub,https://assets-global.website-files.com/6439093ffc50591d3eb2bccb/645cfc17c07337bb4a0bb7d5_pic2286966.webp,,65b691faf9d5ebe17a6b2181,2024-01-28T17:48:05.536Z,https://www.bohemiaboardsandbrews.com/knihovna-her
New Corp Order: Deluxe Edition,1-4,"Solo mode, Board Game",游섫릖 English,https://boardgamegeek.com/boardgame/363066/new-corp-order-deluxe-edition,https://assets-global.website-files.com/6439093ffc50591d3eb2bccb/6439093ffc5059d62cb2c079_pic7002302.webp,,65b691faf9d5ebe17a6b2181,2024-01-28T17:48:05.536Z,https://www.bohemiaboardsandbrews.com/knihovna-her
Judge Your Friends,2-8,"Party Game
New Arrivals
Card Game",游섫릖 English,https://boardgamegeek.com/boardgame/369377/judge-your-friends,https://assets-global.website-files.com/6439093ffc50591d3eb2bccb/6519760f99b45cc3e6a00c35_pic7348145.jpg.webp,,65b691faf9d5ebe17a6b2181,2024-01-28T17:48:05.536Z,https://www.bohemiaboardsandbrews.com/knihovna-her
Odysea: Spole캜n캩 k dev치t칠 planet캩,2-5,"Thematic, Licensed, Family Game, Card Game",游뻟릖 캛e코tina,https://boardgamegeek.com/boardgame/284083/crew-quest-planet-nine,https://assets-global.website-files.com/6439093ffc50591d3eb2bccb/6439093ffc5059e8d7b2c085_pic5687013.webp,,65b691faf9d5ebe17a6b2181,2024-01-28T17:48:05.536Z,https://www.bohemiaboardsandbrews.com/knihovna-her
Captain Sonar,2-8,"Thematic, Licensed, Party",游섫릖 English,https://boardgamegeek.com/boardgame/171131/captain-sonar,https://assets-global.website-files.com/6439093ffc50591d3eb2bccb/6439093ffc50597c67b2bdb8_pic7069368.webp,,65b691faf9d5ebe17a6b2181,2024-01-28T17:48:05.536Z,https://www.bohemiaboardsandbrews.com/knihovna-her
Citadela,2-8,"Thematic / Licensed, Family Game",游뻟릖 캛e코tina,https://boardgamegeek.com/boardgame/205398/citadels,https://assets-global.website-files.com/6439093ffc50591d3eb2bccb/6439093ffc50592758b2bdc7_pic3119514.webp,,65b691faf9d5ebe17a6b2181,2024-01-28T17:48:05.536Z,https://www.bohemiaboardsandbrews.com/knihovna-her
Scopa,2-6,"Family Game, Card Game",游섫릖 English,https://boardgamegeek.com/boardgame/15889/scopa,https://assets-global.website-files.com/6439093ffc50591d3eb2bccb/6439093ffc50598277b2c0c3_pic1517475.webp,,65b691faf9d5ebe17a6b2181,2024-01-28T17:48:05.536Z,https://www.bohemiaboardsandbrews.com/knihovna-her
Escape the Dark Castle,1-4,"Solo mode, Thematic / Licensed, Card Game",游섫릖 English,https://boardgamegeek.com/boardgame/227456/escape-dark-castle,https://assets-global.website-files.com/6439093ffc50591d3eb2bccb/6439093ffc5059b8e5b2bfc9_pic5004159.webp,,65b691faf9d5ebe17a6b2181,2024-01-28T17:48:05.536Z,https://www.bohemiaboardsandbrews.com/knihovna-her
Monopoly: Ultimate Banking,2-4,"Family Game, Board Game",游섫릖 English,https://boardgamegeek.com/boardgame/207167/monopoly-ultimate-banking,https://assets-global.website-files.com/6439093ffc50591d3eb2bccb/6439093ffc50597602b2c066_pic3188674.webp,,65b691faf9d5ebe17a6b2181,2024-01-28T17:48:05.536Z,https://www.bohemiaboardsandbrews.com/knihovna-her
One Night Ultimate Werewolf,3-10,"Party Game, Card Game",游섫릖 English,https://boardgamegeek.com/boardgame/147949/one-night-ultimate-werewolf,https://assets-global.website-files.com/6439093ffc50591d3eb2bccb/6439093ffc50595634b2c08a_pic1809823.webp,,65b691faf9d5ebe17a6b2181,2024-01-28T17:48:05.536Z,https://www.bohemiaboardsandbrews.com/knihovna-her
Scattergories,2-6,Party Game,游섫릖 English,https://boardgamegeek.com/boardgame/2381/scattergories,https://assets-global.website-files.com/6439093ffc50591d3eb2bccb/6439093ffc50591babb2c0c2_pic4994410.webp,,65b691faf9d5ebe17a6b2181,2024-01-28T17:48:05.536Z,https://www.bohemiaboardsandbrews.com/knihovna-her
Pit,3-8,"Family Game, Party, Card Game",游섫릖 English,https://boardgamegeek.com/boardgame/140/pit,https://assets-global.website-files.com/6439093ffc50591d3eb2bccb/6439093ffc50597db5b2c09e_pic423644.webp,,65b691faf9d5ebe17a6b2181,2024-01-28T17:48:05.536Z,https://www.bohemiaboardsandbrews.com/knihovna-her
Belle of the Ball,2-5,Family Game,游섫릖 English,https://boardgamegeek.com/boardgame/139897/belle-ball,https://assets-global.website-files.com/6439093ffc50591d3eb2bccb/6439093ffc5059c361b2bda3_pic4593784.webp,,65b691faf9d5ebe17a6b2181,2024-01-28T17:48:05.536Z,https://www.bohemiaboardsandbrews.com/knihovna-her
Sidereal Confluence,4-9,Strategy,游섫릖 English,https://boardgamegeek.com/boardgame/202426/sidereal-confluence,https://assets-global.website-files.com/6439093ffc50591d3eb2bccb/6439093ffc50597939b2c0d2_pic4981297.webp,,65b691faf9d5ebe17a6b2181,2024-01-28T17:48:05.536Z,https://www.bohemiaboardsandbrews.com/knihovna-her
Squadro,2,Strategy,游섫릖 English,https://boardgamegeek.com/boardgame/245222/squadro,https://assets-global.website-files.com/6439093ffc50591d3eb2bccb/6439093ffc5059328db2c0e3_pic4210130.webp,,65b691faf9d5ebe17a6b2181,2024-01-28T17:48:05.536Z,https://www.bohemiaboardsandbrews.com/knihovna-her
Bo쮂 Zbo쮂!,2-4,"Thematic, Licensed, Strategy",游뻟릖 캛e코tina,https://boardgamegeek.com/boardgame/183840/oh-my-goods,https://assets-global.website-files.com/6439093ffc50591d3eb2bccb/6439093ffc505906ceb2bdb0_pic3032677.webp,,65b691faf9d5ebe17a6b2181,2024-01-28T17:48:05.536Z,https://www.bohemiaboardsandbrews.com/knihovna-her
Codenames: Duet,2,"Family Game, Card Game",游뻟릖 캛e코tina,https://boardgamegeek.com/boardgame/224037/codenames-duet,https://assets-global.website-files.com/6439093ffc50591d3eb2bccb/6439093ffc5059b894b2bdcc_pic3596681.webp,,65b691faf9d5ebe17a6b2181,2024-01-28T17:48:05.536Z,https://www.bohemiaboardsandbrews.com/knihovna-her
Blaze,3-5,"Thematic, Licensed, Card Game",游섫릖 English,https://boardgamegeek.com/boardgame/332317/blaze,https://assets-global.website-files.com/6439093ffc50591d3eb2bccb/6439093ffc50597b1cb2bdaa_pic6006816.webp,,65b691faf9d5ebe17a6b2181,2024-01-28T17:48:05.536Z,https://www.bohemiaboardsandbrews.com/knihovna-her
Isle of Skye,2-5,"Family Game, Strategy",游섫릖 English,https://boardgamegeek.com/boardgame/176494/isle-skye-chieftain-king,https://assets-global.website-files.com/6439093ffc50591d3eb2bccb/6439093ffc5059ddadb2c014_pic2524838.webp,,65b691faf9d5ebe17a6b2181,2024-01-28T17:48:05.536Z,https://www.bohemiaboardsandbrews.com/knihovna-her
Endless Winter: Paleoamericans,1-4,"Area Control, Worker Placement, Deckbuilding, Solo Mode, Strategy, New Arrivals, Board Game",游섫릖 English,https://boardgamegeek.com/boardgame/305096/endless-winter-paleoamericans,https://assets-global.website-files.com/6439093ffc50591d3eb2bccb/657dbfcb5febece5096f6144_pic5624523.webp,,65b691faf9d5ebe17a6b2181,2024-01-28T17:48:05.536Z,https://www.bohemiaboardsandbrews.com/knihovna-her
Dobble,2-8,"Family Game, Party, Card Game",游游 Russian,https://boardgamegeek.com/boardgame/63268/spot-it,https://assets-global.website-files.com/6439093ffc50591d3eb2bccb/6439093ffc5059272eb2bece_pic1273751.webp,,65b691faf9d5ebe17a6b2181,2024-01-28T17:48:05.536Z,https://www.bohemiaboardsandbrews.com/knihovna-her
Spaghetti,2-4,"Family Game, Party",游섫릖 English,https://boardgamegeek.com/boardgame/206802/spaghetti,https://assets-global.website-files.com/6439093ffc50591d3eb2bccb/6439093ffc50594288b2c0d9_pic3159338.webp,,65b691faf9d5ebe17a6b2181,2024-01-28T17:48:05.536Z,https://www.bohemiaboardsandbrews.com/knihovna-her
I know!,2-6,"Family Game
Trivia
Party",游뻟릖 캛e코tina,https://boardgamegeek.com/boardgame/136780/i-know,https://assets-global.website-files.com/6439093ffc50591d3eb2bccb/6439093ffc50592b09b2c009_pic5885668.webp,,65b691faf9d5ebe17a6b2181,2024-01-28T17:48:05.536Z,https://www.bohemiaboardsandbrews.com/knihovna-her
Gorus Maximus,1-8,"Solo mode, Family Game, Card Game",游섫릖 English,https://boardgamegeek.com/boardgame/253756/gorus-maximus,https://assets-global.website-files.com/6439093ffc50591d3eb2bccb/6439093ffc50592c2cb2bfef_pic4146552.webp,,65b691faf9d5ebe17a6b2181,2024-01-28T17:48:05.536Z,https://www.bohemiaboardsandbrews.com/knihovna-her
Pax Transhumanity,1-4,"Solo mode, Strategy",游섫릖 English,https://boardgamegeek.com/boardgame/257732/pax-transhumanity,https://assets-global.website-files.com/6439093ffc50591d3eb2bccb/6439093ffc50594163b2c097_pic6256870.webp,,65b691faf9d5ebe17a6b2181,2024-01-28T17:48:05.536Z,https://www.bohemiaboardsandbrews.com/knihovna-her
Splendor Duel,2,"2-player, New Arrivals",,https://boardgamegeek.com/boardgame/364073/splendor-duel,https://assets-global.website-files.com/6439093ffc50591d3eb2bccb/645cff29280bdf77597790f2_pic6929347.webp,,65b691faf9d5ebe17a6b2181,2024-01-28T17:48:05.536Z,https://www.bohemiaboardsandbrews.com/knihovna-her
Burgle Bros.,1-4,"Solo mode, Thematic / Licensed, Family Game, Board Game",游섫릖 English,https://boardgamegeek.com/boardgame/172081/burgle-bros,https://assets-global.website-files.com/6439093ffc50591d3eb2bccb/6439093ffc505990eab2bdb1_pic2439102.webp,,65b691faf9d5ebe17a6b2181,2024-01-28T17:48:05.536Z,https://www.bohemiaboardsandbrews.com/knihovna-her
Chaotic Studio,3-6,Card Game,,https://boardgamegeek.com/boardgame/365597/chaotic-studio,https://assets-global.website-files.com/6439093ffc50591d3eb2bccb/645ce1ede43b0bbde2b6c928_pic6928997.webp,,65b691faf9d5ebe17a6b2181,2024-01-28T17:48:05.536Z,https://www.bohemiaboardsandbrews.com/knihovna-her
Dominion,2-4,"Strategy, Board Game",游뻟릖 캛e코tina,https://boardgamegeek.com/boardgame/36218/dominion,https://assets-global.website-files.com/6439093ffc50591d3eb2bccb/6439093ffc50597dc8b2bef3_pic394356.webp,,65b691faf9d5ebe17a6b2181,2024-01-28T17:48:05.536Z,https://www.bohemiaboardsandbrews.com/knihovna-her
Aurum,3-4,"New Arrivals, Card Game",,https://boardgamegeek.com/boardgame/383459/aurum,https://assets-global.website-files.com/6439093ffc50591d3eb2bccb/657dc19ec049d6cdc1695cc1_pic7439092.webp,,65b691faf9d5ebe17a6b2181,2024-01-28T17:48:05.536Z,https://www.bohemiaboardsandbrews.com/knihovna-her
Xenon Profiteer,2-4,"Drafting, Strategy, Card Game",游섫릖 English,https://boardgamegeek.com/boardgame/176530/xenon-profiteer,https://assets-global.website-files.com/6439093ffc50591d3eb2bccb/6439093ffc5059225cb2c138_pic2537665.webp,,65b691faf9d5ebe17a6b2181,2024-01-28T17:48:05.536Z,https://www.bohemiaboardsandbrews.com/knihovna-her
Zombicide: 캛ern칳 mor,1-6,"Dice, Cooperative, Solo mode, Board Game",游뻟릖 캛e코tina,https://boardgamegeek.com/boardgame/176189/zombicide-black-plague,https://assets-global.website-files.com/6439093ffc50591d3eb2bccb/6439093ffc50596a40b2c142_pic2482309.webp,,65b691faf9d5ebe17a6b2181,2024-01-28T17:48:05.536Z,https://www.bohemiaboardsandbrews.com/knihovna-her
Red7,2-4,"Family Game, Card Game",游섫릖 English,https://boardgamegeek.com/boardgame/161417/red7,https://assets-global.website-files.com/6439093ffc50591d3eb2bccb/6439093ffc50597a16b2c0ad_pic2247258.webp,,65b691faf9d5ebe17a6b2181,2024-01-28T17:48:05.536Z,https://www.bohemiaboardsandbrews.com/knihovna-her
Jaipur,2,"Family Game, Card Game",游游 French,https://boardgamegeek.com/boardgame/54043/jaipur,https://assets-global.website-files.com/6439093ffc50591d3eb2bccb/6439093ffc5059c389b2c017_pic5100947.webp,,65b691faf9d5ebe17a6b2181,2024-01-28T17:48:05.536Z,https://www.bohemiaboardsandbrews.com/knihovna-her
Vast,1-5,"Solo mode, Strategy, Board Game",游섫릖 English,https://boardgamegeek.com/boardgame/252399/vast-mysterious-manor,https://assets-global.website-files.com/6439093ffc50591d3eb2bccb/6439093ffc5059392eb2c12a_pic4118006.webp,,65b691faf9d5ebe17a6b2181,2024-01-28T17:48:05.536Z,https://www.bohemiaboardsandbrews.com/knihovna-her
Speculation,3-6,"Strategy, Board Game",游섫릖 English,https://boardgamegeek.com/boardgame/1036/speculation,https://assets-global.website-files.com/6439093ffc50591d3eb2bccb/6439093ffc50592060b2c0dc_pic4029529.webp,,65b691faf9d5ebe17a6b2181,2024-01-28T17:48:05.536Z,https://www.bohemiaboardsandbrews.com/knihovna-her
Werewords,4-10,Party Game,游섫릖 English,https://boardgamegeek.com/boardgame/219215/werewords,https://assets-global.website-files.com/6439093ffc50591d3eb2bccb/6439093ffc50592cd4b2c130_pic4415135.webp,,65b691faf9d5ebe17a6b2181,2024-01-28T17:48:05.536Z,https://www.bohemiaboardsandbrews.com/knihovna-her
Mars Teraformace: Expedice Ares,1-4,"Cooperative, Solo mode, Strategy, Card Game",游뻟릖 캛e코tina,https://boardgamegeek.com/boardgame/328871/terraforming-mars-ares-expedition,https://assets-global.website-files.com/6439093ffc50591d3eb2bccb/6453ab871398254b75d33c4d_pic6260098.webp,,65b691faf9d5ebe17a6b2181,2024-01-28T17:48:05.536Z,https://www.bohemiaboardsandbrews.com/knihovna-her
Mars Teraformace,1-5,"Solo mode, Strategy",游뻟릖 캛e코tina,https://boardgamegeek.com/boardgame/167791/terraforming-mars,https://assets-global.website-files.com/6439093ffc50591d3eb2bccb/6439093ffc5059238ab2c058_pic3536616.webp,,65b691faf9d5ebe17a6b2181,2024-01-28T17:48:05.536Z,https://www.bohemiaboardsandbrews.com/knihovna-her
Hanafuda,2-7,Card Game,,https://boardgamegeek.com/boardgame/5451/hanafuda,https://assets-global.website-files.com/6439093ffc50591d3eb2bccb/645cefe7b99543563092c708_pic2649408.webp,,65b691faf9d5ebe17a6b2181,2024-01-28T17:48:05.536Z,https://www.bohemiaboardsandbrews.com/knihovna-her
Risk: Game of Thrones,2-7,"Thematic, Licensed, Board Game",游섫릖 English,https://boardgamegeek.com/boardgame/179719/risk-game-thrones,https://assets-global.website-files.com/6439093ffc50591d3eb2bccb/6439093ffc5059982cb2c0b4_pic2568573.webp,,65b691faf9d5ebe17a6b2181,2024-01-28T17:48:05.536Z,https://www.bohemiaboardsandbrews.com/knihovna-her
First Contact,2-7,"Family Game, Party",游섫릖 English,https://boardgamegeek.com/boardgame/258309/first-contact,https://assets-global.website-files.com/6439093ffc50591d3eb2bccb/645cee14def3bbebd8107197_pic4419988.webp,,65b691faf9d5ebe17a6b2181,2024-01-28T17:48:05.536Z,https://www.bohemiaboardsandbrews.com/knihovna-her
Skull and Roses,3-6,"Party Game, Card Game",游섫릖 English,https://boardgamegeek.com/boardgame/92415/skull,https://assets-global.website-files.com/6439093ffc50591d3eb2bccb/6439093ffc50593a7bb2c0d3_pic6097488.webp,,65b691faf9d5ebe17a6b2181,2024-01-28T17:48:05.536Z,https://www.bohemiaboardsandbrews.com/knihovna-her
Chinatown,3-5,"Strategy, Board Game",,https://boardgamegeek.com/boardgame/47/chinatown,https://assets-global.website-files.com/6439093ffc50591d3eb2bccb/645ce2cbcb527864d6c683b0_pic2037509.webp,,65b691faf9d5ebe17a6b2181,2024-01-28T17:48:05.536Z,https://www.bohemiaboardsandbrews.com/knihovna-her
Smash Up,2-4,"Family Game, Strategy, Card Game",游섫릖 English,https://boardgamegeek.com/boardgame/122522/smash,https://assets-global.website-files.com/6439093ffc50591d3eb2bccb/6439093ffc505996e8b2c0d5_pic1269874.webp,,65b691faf9d5ebe17a6b2181,2024-01-28T17:48:05.536Z,https://www.bohemiaboardsandbrews.com/knihovna-her
Article 27,3-6,Thematic / Licensed,游섫릖 English,https://boardgamegeek.com/boardgame/113293/article-27-un-security-council-game,https://assets-global.website-files.com/6439093ffc50591d3eb2bccb/6439093ffc5059ce25b2bd96_pic1309420.webp,,65b691faf9d5ebe17a6b2181,2024-01-28T17:48:05.536Z,https://www.bohemiaboardsandbrews.com/knihovna-her
Tsuro,2-8,"Tile placement, Abstract strategy, Family Game, Popular, Board Game",游섫릖 English,https://boardgamegeek.com/boardgame/16992/tsuro,https://assets-global.website-files.com/6439093ffc50591d3eb2bccb/6439093ffc50596b62b2c121_pic875761.webp,,65b691faf9d5ebe17a6b2181,2024-01-28T17:48:05.536Z,https://www.bohemiaboardsandbrews.com/knihovna-her
Turn a Phrase,2-6,"Tile placement, Party",游섫릖 English,https://boardgamegeek.com/boardgame/365662/turn-phrase,https://assets-global.website-files.com/6439093ffc50591d3eb2bccb/645d0341c749f72fb2f8866d_pic6930337.webp,,65b691faf9d5ebe17a6b2181,2024-01-28T17:48:05.536Z,https://www.bohemiaboardsandbrews.com/knihovna-her
Tiger & Dragon,2-5,"Family Game, New Arrivals, Board Game",游섫릖 English,https://boardgamegeek.com/boardgame/349992/tiger-dragon,https://assets-global.website-files.com/6439093ffc50591d3eb2bccb/657dc5b897357f842b1b1636_pic7607521.webp,,65b691faf9d5ebe17a6b2181,2024-01-28T17:48:05.536Z,https://www.bohemiaboardsandbrews.com/knihovna-her
Trajan,2-4,"Drafting, Strategy, Board Game",游섫릖 English,https://boardgamegeek.com/boardgame/102680/trajan,https://assets-global.website-files.com/6439093ffc50591d3eb2bccb/645d0167def3bb8b961d7e42_pic4336095.webp,,65b691faf9d5ebe17a6b2181,2024-01-28T17:48:05.536Z,https://www.bohemiaboardsandbrews.com/knihovna-her
Cold War: Cia vs KGB,,"Thematic, Licensed, Strategy",游섫릖 English,https://boardgamegeek.com/boardgame/24742/cold-war-cia-vs-kgb,https://assets-global.website-files.com/6439093ffc50591d3eb2bccb/6439093ffc5059ab20b2bdce_pic3021018.webp,,65b691faf9d5ebe17a6b2181,2024-01-28T17:48:05.536Z,https://www.bohemiaboardsandbrews.com/knihovna-her
Catan,3-4,"Family Game, Strategy, Popular, Board Game",游뻟릖 캛e코tina,https://boardgamegeek.com/boardgame/13/catan,https://assets-global.website-files.com/6439093ffc50591d3eb2bccb/6439093ffc5059fe15b2bdbc_pic2419375%20(1).webp,,65b691faf9d5ebe17a6b2181,2024-01-28T17:48:05.536Z,https://www.bohemiaboardsandbrews.com/knihovna-her
Camel Up,2-8,"Family Game, Board Game",游섫릖 English,https://boardgamegeek.com/boardgame/153938/camel,https://assets-global.website-files.com/6439093ffc50591d3eb2bccb/6439093ffc50593aa5b2bdb4_pic2031446.webp,,65b691faf9d5ebe17a6b2181,2024-01-28T17:48:05.536Z,https://www.bohemiaboardsandbrews.com/knihovna-her
Shipyard (2nd Edition),1-4,"Drafting
Tile placement
Strategy
New Arrivals
Board Game",,https://boardgamegeek.com/boardgame/393179/shipyard-2nd-edition,https://assets-global.website-files.com/6439093ffc50591d3eb2bccb/657dcfef502c2ea6aad9d095_pic7692151.webp,,65b691faf9d5ebe17a6b2181,2024-01-28T17:48:05.536Z,https://www.bohemiaboardsandbrews.com/knihovna-her
Underwater Cities,1-4,"Worker placement, Solo mode, Strategy, Card Game",游섫릖 English,https://boardgamegeek.com/boardgame/247763/underwater-cities,https://assets-global.website-files.com/6439093ffc50591d3eb2bccb/645d03bd7a53cb331413f93d_pic4837710.webp,,65b691faf9d5ebe17a6b2181,2024-01-28T17:48:05.536Z,https://www.bohemiaboardsandbrews.com/knihovna-her
P치rty Alias 콯eny vs. Mu쬴,4,"Family Game
Trivia
Party",游뻟릖 캛e코tina,https://boardgamegeek.com/boardgame/204138/women-vs-men-alias,https://assets-global.website-files.com/6439093ffc50591d3eb2bccb/6439093ffc50594e3ab2c093_pic3099069.webp,,65b691faf9d5ebe17a6b2181,2024-01-28T17:48:05.536Z,https://www.bohemiaboardsandbrews.com/knihovna-her
Doppelg칛nger,,"Thematic, Licensed, Card Game",游섫릖 English,https://boardgamegeek.com/boardgame/162777/doppelganger,https://assets-global.website-files.com/6439093ffc50591d3eb2bccb/6439093ffc5059652bb2bf2a_pic3893983.webp,,65b691faf9d5ebe17a6b2181,2024-01-28T17:48:05.536Z,https://www.bohemiaboardsandbrews.com/knihovna-her
Kingsburg,2-5,"Worker placement, Dice, Family Game, Strategy, Board Game",游섫릖 English,https://boardgamegeek.com/boardgame/27162/kingsburg,https://assets-global.website-files.com/6439093ffc50591d3eb2bccb/645cf46b840484038c5e7dba_pic253057.webp,,65b691faf9d5ebe17a6b2181,2024-01-28T17:48:05.536Z,https://www.bohemiaboardsandbrews.com/knihovna-her
What's Up,2-4,Family Game,游섫릖 English,https://boardgamegeek.com/boardgame/201054/whats,https://assets-global.website-files.com/6439093ffc50591d3eb2bccb/6439093ffc5059c96bb2c135_pic3042240.webp,,65b691faf9d5ebe17a6b2181,2024-01-28T17:48:05.536Z,https://www.bohemiaboardsandbrews.com/knihovna-her
Point City,1-4,"Drafting, Solo mode, Family Game, New Arrivals, Card Game",,https://boardgamegeek.com/boardgame/368017/point-city,https://assets-global.website-files.com/6439093ffc50591d3eb2bccb/657dc3f5e9c9befe95bfc0bf_pic6998174.webp,,65b691faf9d5ebe17a6b2181,2024-01-28T17:48:05.536Z,https://www.bohemiaboardsandbrews.com/knihovna-her
Hibachi,2-4,Board Game,游섫릖 English,https://boardgamegeek.com/boardgame/313718/hibachi,https://assets-global.website-files.com/6439093ffc50591d3eb2bccb/6439093ffc50599263b2bfff_pic5517561.webp,,65b691faf9d5ebe17a6b2181,2024-01-28T17:48:05.536Z,https://www.bohemiaboardsandbrews.com/knihovna-her
SlovoSlet,3-6,Party Game,游뻟릖 캛e코tina,https://boardgamegeek.com/boardgame/304240/connecteam,https://assets-global.website-files.com/6439093ffc50591d3eb2bccb/645cfd461bdd985f0b383330_pic5280851.webp,,65b691faf9d5ebe17a6b2181,2024-01-28T17:48:05.536Z,https://www.bohemiaboardsandbrews.com/knihovna-her
Imperial,2-6,"Strategy, Board Game",游섫릖 English,https://boardgamegeek.com/boardgame/24181/imperial,https://assets-global.website-files.com/6439093ffc50591d3eb2bccb/6439093ffc50594b0fb2c00f_pic840712.webp,,65b691faf9d5ebe17a6b2181,2024-01-28T17:48:05.536Z,https://www.bohemiaboardsandbrews.com/knihovna-her
Viticulture,2-6,"Worker placement, Strategy, New Arrivals, Popular, Board Game",,https://boardgamegeek.com/boardgame/128621/viticulture,https://assets-global.website-files.com/6439093ffc50591d3eb2bccb/657dce4f81b7f1047021db37_pic2619743.webp,,65b691faf9d5ebe17a6b2181,2024-01-28T17:48:05.536Z,https://www.bohemiaboardsandbrews.com/knihovna-her
Carcassonne,2-5,"Family Game, Board Game",游뻟릖 캛e코tina,https://boardgamegeek.com/boardgame/822/carcassonne,https://assets-global.website-files.com/6439093ffc50591d3eb2bccb/6439093ffc50596ddeb2bdb9_pic6544250.webp,,65b691faf9d5ebe17a6b2181,2024-01-28T17:48:05.536Z,https://www.bohemiaboardsandbrews.com/knihovna-her
Startups,3-7,"Family Game
Party
Card Game",游섫릖 English,https://boardgamegeek.com/boardgame/223770/startups,https://assets-global.website-files.com/6439093ffc50591d3eb2bccb/6439093ffc50591204b2c0e6_pic3678411.webp,,65b691faf9d5ebe17a6b2181,2024-01-28T17:48:05.536Z,https://www.bohemiaboardsandbrews.com/knihovna-her
Caverna,1-7,"Solo mode, Strategy, Board Game",游뻟릖 캛e코tina,https://boardgamegeek.com/boardgame/102794/caverna-cave-farmers,https://assets-global.website-files.com/6439093ffc50591d3eb2bccb/6439093ffc50598075b2bdbf_pic1790789.webp,,65b691faf9d5ebe17a6b2181,2024-01-28T17:48:05.536Z,https://www.bohemiaboardsandbrews.com/knihovna-her
Rodinn치 Trefa,4-12,"Family Game, Party",游뻟릖 캛e코tina,https://boardgamegeek.com/boardgame/377290/party-trefa,https://assets-global.website-files.com/6439093ffc50591d3eb2bccb/6439093ffc50594ac5b2c094_pic7310921%20(1).webp,,65b691faf9d5ebe17a6b2181,2024-01-28T17:48:05.536Z,https://www.bohemiaboardsandbrews.com/knihovna-her
Exit,2,Family Game,游뻟릖 캛e코tina,https://boardgamegeek.com/boardgame/4093/exit,https://assets-global.website-files.com/6439093ffc50591d3eb2bccb/6439093ffc50599357b2bfce_pic12232.webp,,65b691faf9d5ebe17a6b2181,2024-01-28T17:48:05.536Z,https://www.bohemiaboardsandbrews.com/knihovna-her
Dragomino,2-4,Family Game,游뻟릖 캛e코tina,https://boardgamegeek.com/boardgame/300010/dragomino,https://assets-global.website-files.com/6439093ffc50591d3eb2bccb/6439093ffc505979eab2bf63_pic5212561.webp,,65b691faf9d5ebe17a6b2181,2024-01-28T17:48:05.536Z,https://www.bohemiaboardsandbrews.com/knihovna-her
Mr. Jack Pocket,2,Strategy,游섫릖 English,https://boardgamegeek.com/boardgame/72287/mr-jack-pocket,https://assets-global.website-files.com/6439093ffc50591d3eb2bccb/6439093ffc5059e6feb2c06c_pic1519530.webp,,65b691faf9d5ebe17a6b2181,2024-01-28T17:48:05.536Z,https://www.bohemiaboardsandbrews.com/knihovna-her
Vegetable Stock,2-6,"Drafting, Card Game",游섫릖 English,https://boardgamegeek.com/boardgame/328211/vegetable-stock,https://assets-global.website-files.com/6439093ffc50591d3eb2bccb/645d046e7a53cb4987148ef4_pic7016875.webp,,65b691faf9d5ebe17a6b2181,2024-01-28T17:48:05.536Z,https://www.bohemiaboardsandbrews.com/knihovna-her
Ku콏ec칤 olympi치da,2-4,Family Game,游뻟릖 캛e코tina,https://boardgamegeek.com/boardgame/3570/chicken-cha-cha-cha,https://assets-global.website-files.com/6439093ffc50591d3eb2bccb/6439093ffc5059118fb2c039_pic406697.webp,,65b691faf9d5ebe17a6b2181,2024-01-28T17:48:05.536Z,https://www.bohemiaboardsandbrews.com/knihovna-her
Zing-a-Zam,2-5,"Family Game, New Arrivals, Card Game",,https://boardgamegeek.com/boardgame/370226/zing-zam,https://assets-global.website-files.com/6439093ffc50591d3eb2bccb/657dc6b3ced1c4d3343f695c_pic7602172.webp,,65b691faf9d5ebe17a6b2181,2024-01-28T17:48:05.536Z,https://www.bohemiaboardsandbrews.com/knihovna-her
TIME Stories,2-4,"Dice, Cooperative, Board Game",游섫릖 English,https://boardgamegeek.com/boardgame/146508/time-stories,https://assets-global.website-files.com/6439093ffc50591d3eb2bccb/6439093ffc5059183fb2c114_pic2617634.webp,,65b691faf9d5ebe17a6b2181,2024-01-28T17:48:05.536Z,https://www.bohemiaboardsandbrews.com/knihovna-her
Travel Blog,2-6,"Family Game, Trivia",游섫릖 English,https://boardgamegeek.com/boardgame/85105/travel-blog,https://assets-global.website-files.com/6439093ffc50591d3eb2bccb/645d01a4ff250e0462545aee_pic825445.webp,,65b691faf9d5ebe17a6b2181,2024-01-28T17:48:05.536Z,https://www.bohemiaboardsandbrews.com/knihovna-her
Cangaceiros,2-5,"Strategy, New Arrivals, Card Game",,https://boardgamegeek.com/image/7246065/cangaceiros,https://assets-global.website-files.com/6439093ffc50591d3eb2bccb/657dbed6f920552e6ef8f4f7_pic7246065.webp,,65b691faf9d5ebe17a6b2181,2024-01-28T17:48:05.536Z,https://www.bohemiaboardsandbrews.com/knihovna-her
Marco Polo,2-4,Board Game,游뻟릖 캛e코tina,https://boardgamegeek.com/boardgame/2280/marco-polo,https://assets-global.website-files.com/6439093ffc50591d3eb2bccb/6439093ffc50592316b2c057_pic20540.webp,,65b691faf9d5ebe17a6b2181,2024-01-28T17:48:05.536Z,https://www.bohemiaboardsandbrews.com/knihovna-her
Rick and Morty: The Ricks Must be Crazy Multiverse Game,2-4,"Thematic / Licensed, Family Game",游섫릖 English,https://boardgamegeek.com/boardgame/241731/rick-and-morty-ricks-must-be-crazy-multiverse-game,https://assets-global.website-files.com/6439093ffc50591d3eb2bccb/6439093ffc5059fefcb2c0b1_pic3880225.webp,,65b691faf9d5ebe17a6b2181,2024-01-28T17:48:05.536Z,https://www.bohemiaboardsandbrews.com/knihovna-her
Left Center Right,3-12,"Family Game, Party",游섫릖 English,https://boardgamegeek.com/boardgame/3522/lcr,https://assets-global.website-files.com/6439093ffc50591d3eb2bccb/6439093ffc5059d5bfb2c03e_pic2371259.webp,,65b691faf9d5ebe17a6b2181,2024-01-28T17:48:05.536Z,https://www.bohemiaboardsandbrews.com/knihovna-her
Machi Koro,2-4,Family Game,游섫릖 English,https://boardgamegeek.com/boardgame/143884/machi-koro,https://assets-global.website-files.com/6439093ffc50591d3eb2bccb/6439093ffc50591857b2c04e_pic4783831.webp,,65b691faf9d5ebe17a6b2181,2024-01-28T17:48:05.536Z,https://www.bohemiaboardsandbrews.com/knihovna-her
Dixit,3-4,"Family Game, Party, Popular, Card Game",游뻟릖 캛e코tina,https://boardgamegeek.com/boardgame/284007/dixit-demo-deck,https://assets-global.website-files.com/6439093ffc50591d3eb2bccb/6439093ffc5059aefdb2be95_pic4838722.webp,,65b691faf9d5ebe17a6b2181,2024-01-28T17:48:05.536Z,https://www.bohemiaboardsandbrews.com/knihovna-her
Mind Up!,3-6,"New Arrivals, Card Game",,https://boardgamegeek.com/boardgame/377515/mind,https://assets-global.website-files.com/6439093ffc50591d3eb2bccb/657dc81b7deb1a34cc1ee542_pic7333215.webp,,65b691faf9d5ebe17a6b2181,2024-01-28T17:48:05.536Z,https://www.bohemiaboardsandbrews.com/knihovna-her
Evergreen,1-4,"Drafting, Solo mode, Family Game, New Arrivals, Board Game",,https://boardgamegeek.com/boardgame/363307/evergreen,https://assets-global.website-files.com/6439093ffc50591d3eb2bccb/657dc0e2477a8da9bf86744f_pic6872745.webp,,65b691faf9d5ebe17a6b2181,2024-01-28T17:48:05.536Z,https://www.bohemiaboardsandbrews.com/knihovna-her
D칠corum,2-4,"Cooperative, Board Game",游섫릖 English,https://boardgamegeek.com/boardgame/344554/decorum,https://assets-global.website-files.com/6439093ffc50591d3eb2bccb/645ceab5c8b6652f606e01d5_pic6393337.webp,,65b691faf9d5ebe17a6b2181,2024-01-28T17:48:05.536Z,https://www.bohemiaboardsandbrews.com/knihovna-her
Biblios,2-4,"Family Game, Strategy, Board Game",游섫릖 English,https://boardgamegeek.com/boardgame/34219/biblios,https://assets-global.website-files.com/6439093ffc50591d3eb2bccb/6439093ffc50597127b2bda5_pic759154.webp,,65b691faf9d5ebe17a6b2181,2024-01-28T17:48:05.536Z,https://www.bohemiaboardsandbrews.com/knihovna-her
Timeline,2-8,"Trivia, Party, Card Game",游游 French,https://boardgamegeek.com/boardgame/128664/timeline,https://assets-global.website-files.com/6439093ffc50591d3eb2bccb/6439093ffc5059cc30b2c115_pic5872054.webp,,65b691faf9d5ebe17a6b2181,2024-01-28T17:48:05.536Z,https://www.bohemiaboardsandbrews.com/knihovna-her
Between Two Cities,1-7,"Solo mode, Family Game, Board Game",游섫릖 English,https://boardgamegeek.com/boardgame/168435/between-two-cities,,,65b691faf9d5ebe17a6b2181,2024-01-28T17:48:05.536Z,https://www.bohemiaboardsandbrews.com/knihovna-her
Fit to Print,1-6,"Drafting
Tile placement
Solo mode
Family Game
New Arrivals
Card Game",游섫릖 English,https://boardgamegeek.com/boardgame/352574/fit-print,https://assets-global.website-files.com/6439093ffc50591d3eb2bccb/657dc372e9c9befe95bf58b0_pic7161032.webp,,65b691faf9d5ebe17a6b2181,2024-01-28T17:48:05.536Z,https://www.bohemiaboardsandbrews.com/knihovna-her
All-Star Draft,2-6,"Drafting, Family Game, New Arrivals, Card Game",,https://boardgamegeek.com/boardgame/322014/all-star-draft,https://assets-global.website-files.com/6439093ffc50591d3eb2bccb/657dc1fc52fbe487a188833e_pic5731319.webp,,65b691faf9d5ebe17a6b2181,2024-01-28T17:48:05.536Z,https://www.bohemiaboardsandbrews.com/knihovna-her
Five Cucumbers,2-6,"Family Game, New Arrivals, Card Game",游뾇릖 German,https://boardgamegeek.com/boardgame/147768/five-cucumbers,https://assets-global.website-files.com/6439093ffc50591d3eb2bccb/645390d6d006255a0264e8a3_pic3517680.webp,,65b691faf9d5ebe17a6b2181,2024-01-28T17:48:05.536Z,https://www.bohemiaboardsandbrews.com/knihovna-her